[
  {
    "path": "posts/2021-09-04-blog-post-1/",
    "title": "Using Ecuador to Show My Mum the Effectiveness Of Vaccines",
    "description": "Watch me comb through data full of missing and nonsensical values to try and show my mother that lockdowns and vaccines are not pointless. Probably.",
    "author": [
      {
        "name": "Harriet Mason",
        "url": {}
      }
    ],
    "date": "2021-09-08",
    "categories": [],
    "contents": "\r\nThe Anti-Vaccine Rhetoric\r\nUnsurprisingly, my mum has been really anti-vaccine with all the Covid-19 stuff. In an effort to show that I am willing to listen to her perspective, I have watched 30 minutes of anti-vax videos over the past week and I would be lying if I said it was enjoyable. One of them was a 10 minute rant by some random guy in a Barbados town hall meeting who was talking about how Covid-19 was a man-made bio-weapon by the Chinese government. Ecuador does not have very strong data, but even crunching their numbers (there are a lot of NA values) I think I can disprove a few of the claims in the anti-vax dialogue. Ultimately a lot of the skepticism rhetoric centres around the view that the lockdowns are exessive and the vaccines are ineffective, and so, using the Ecuadorian data, we are going to check these two claims.\r\nEffectiveness of Lockdowns\r\nThe Data\r\nTo assess the effectiveness of the lock downs we need a few factors. Some measure of the strictness of the lockdown, a measure of whether or not these restrictions were followed, and a measure of the number of daily cases.\r\nCheck if restrictions are being followed with Google Mobility Data. The variables “residential” and “non-residential” are measures of the percentage change in mobility (as reported by google) when compared to the baseline period of Jan 3 – Feb 6, 2020. Where mobility is a measure of the number of people visiting the locations in that category and the duration of these visits. The “non-residential” variable is an average of the parks, retail, groceries, transit, and related mobility, “residential” is just for people spending time in residential buildings (such as their home). Since people spent most of their time at home prior to the pandemic, the “residential” and “non-residential” variables are not directly comparable.\r\nMeasure of lockdown strictness with University of Oxford Government Response Tracker Data. This gives us the stringency_index variable. This is a numeric score that summarises the strictness of closures and lockdowns.\r\nCheck case reports with Johns Hopkins University Case Data. This gives us the “cases” variable which is simply a summary of the reported cases. There is an issue in the Ecuador reporting where there are 4 days which account for a change in -9000 cases. It is impossible for there to be negative cases and so this is likely a correction for earlier mistakes in the data. Rather than average them over, there is a large unexplained spike very early in the dataset, I assumed this negative value was a correction for that and so I cancelled them out.\r\nThe Analysis\r\nSince the point of lockdowns is to reduce the number of cases, we are going to see how the lockdown intervention measures reduced the mobility and in turn, the number of cases in Ecuador.\r\n\r\n\r\n\r\nhtml {\r\n  font-family: -apple-system, BlinkMacSystemFont, 'Segoe UI', Roboto, Oxygen, Ubuntu, Cantarell, 'Helvetica Neue', 'Fira Sans', 'Droid Sans', Arial, sans-serif;\r\n}\r\n\r\n#bzrqlukxhp .gt_table {\r\n  display: table;\r\n  border-collapse: collapse;\r\n  margin-left: auto;\r\n  margin-right: auto;\r\n  color: #333333;\r\n  font-size: 16px;\r\n  font-weight: normal;\r\n  font-style: normal;\r\n  background-color: #FFFFFF;\r\n  width: auto;\r\n  border-top-style: solid;\r\n  border-top-width: 2px;\r\n  border-top-color: #A8A8A8;\r\n  border-right-style: none;\r\n  border-right-width: 2px;\r\n  border-right-color: #D3D3D3;\r\n  border-bottom-style: solid;\r\n  border-bottom-width: 2px;\r\n  border-bottom-color: #A8A8A8;\r\n  border-left-style: none;\r\n  border-left-width: 2px;\r\n  border-left-color: #D3D3D3;\r\n}\r\n\r\n#bzrqlukxhp .gt_heading {\r\n  background-color: #FFFFFF;\r\n  text-align: center;\r\n  border-bottom-color: #FFFFFF;\r\n  border-left-style: none;\r\n  border-left-width: 1px;\r\n  border-left-color: #D3D3D3;\r\n  border-right-style: none;\r\n  border-right-width: 1px;\r\n  border-right-color: #D3D3D3;\r\n}\r\n\r\n#bzrqlukxhp .gt_title {\r\n  color: #333333;\r\n  font-size: 125%;\r\n  font-weight: initial;\r\n  padding-top: 4px;\r\n  padding-bottom: 4px;\r\n  border-bottom-color: #FFFFFF;\r\n  border-bottom-width: 0;\r\n}\r\n\r\n#bzrqlukxhp .gt_subtitle {\r\n  color: #333333;\r\n  font-size: 85%;\r\n  font-weight: initial;\r\n  padding-top: 0;\r\n  padding-bottom: 6px;\r\n  border-top-color: #FFFFFF;\r\n  border-top-width: 0;\r\n}\r\n\r\n#bzrqlukxhp .gt_bottom_border {\r\n  border-bottom-style: solid;\r\n  border-bottom-width: 2px;\r\n  border-bottom-color: #D3D3D3;\r\n}\r\n\r\n#bzrqlukxhp .gt_col_headings {\r\n  border-top-style: solid;\r\n  border-top-width: 2px;\r\n  border-top-color: #D3D3D3;\r\n  border-bottom-style: solid;\r\n  border-bottom-width: 2px;\r\n  border-bottom-color: #D3D3D3;\r\n  border-left-style: none;\r\n  border-left-width: 1px;\r\n  border-left-color: #D3D3D3;\r\n  border-right-style: none;\r\n  border-right-width: 1px;\r\n  border-right-color: #D3D3D3;\r\n}\r\n\r\n#bzrqlukxhp .gt_col_heading {\r\n  color: #333333;\r\n  background-color: #FFFFFF;\r\n  font-size: 100%;\r\n  font-weight: normal;\r\n  text-transform: inherit;\r\n  border-left-style: none;\r\n  border-left-width: 1px;\r\n  border-left-color: #D3D3D3;\r\n  border-right-style: none;\r\n  border-right-width: 1px;\r\n  border-right-color: #D3D3D3;\r\n  vertical-align: bottom;\r\n  padding-top: 5px;\r\n  padding-bottom: 6px;\r\n  padding-left: 5px;\r\n  padding-right: 5px;\r\n  overflow-x: hidden;\r\n}\r\n\r\n#bzrqlukxhp .gt_column_spanner_outer {\r\n  color: #333333;\r\n  background-color: #FFFFFF;\r\n  font-size: 100%;\r\n  font-weight: normal;\r\n  text-transform: inherit;\r\n  padding-top: 0;\r\n  padding-bottom: 0;\r\n  padding-left: 4px;\r\n  padding-right: 4px;\r\n}\r\n\r\n#bzrqlukxhp .gt_column_spanner_outer:first-child {\r\n  padding-left: 0;\r\n}\r\n\r\n#bzrqlukxhp .gt_column_spanner_outer:last-child {\r\n  padding-right: 0;\r\n}\r\n\r\n#bzrqlukxhp .gt_column_spanner {\r\n  border-bottom-style: solid;\r\n  border-bottom-width: 2px;\r\n  border-bottom-color: #D3D3D3;\r\n  vertical-align: bottom;\r\n  padding-top: 5px;\r\n  padding-bottom: 5px;\r\n  overflow-x: hidden;\r\n  display: inline-block;\r\n  width: 100%;\r\n}\r\n\r\n#bzrqlukxhp .gt_group_heading {\r\n  padding: 8px;\r\n  color: #333333;\r\n  background-color: #FFFFFF;\r\n  font-size: 100%;\r\n  font-weight: initial;\r\n  text-transform: inherit;\r\n  border-top-style: solid;\r\n  border-top-width: 2px;\r\n  border-top-color: #D3D3D3;\r\n  border-bottom-style: solid;\r\n  border-bottom-width: 2px;\r\n  border-bottom-color: #D3D3D3;\r\n  border-left-style: none;\r\n  border-left-width: 1px;\r\n  border-left-color: #D3D3D3;\r\n  border-right-style: none;\r\n  border-right-width: 1px;\r\n  border-right-color: #D3D3D3;\r\n  vertical-align: middle;\r\n}\r\n\r\n#bzrqlukxhp .gt_empty_group_heading {\r\n  padding: 0.5px;\r\n  color: #333333;\r\n  background-color: #FFFFFF;\r\n  font-size: 100%;\r\n  font-weight: initial;\r\n  border-top-style: solid;\r\n  border-top-width: 2px;\r\n  border-top-color: #D3D3D3;\r\n  border-bottom-style: solid;\r\n  border-bottom-width: 2px;\r\n  border-bottom-color: #D3D3D3;\r\n  vertical-align: middle;\r\n}\r\n\r\n#bzrqlukxhp .gt_from_md > :first-child {\r\n  margin-top: 0;\r\n}\r\n\r\n#bzrqlukxhp .gt_from_md > :last-child {\r\n  margin-bottom: 0;\r\n}\r\n\r\n#bzrqlukxhp .gt_row {\r\n  padding-top: 8px;\r\n  padding-bottom: 8px;\r\n  padding-left: 5px;\r\n  padding-right: 5px;\r\n  margin: 10px;\r\n  border-top-style: solid;\r\n  border-top-width: 1px;\r\n  border-top-color: #D3D3D3;\r\n  border-left-style: none;\r\n  border-left-width: 1px;\r\n  border-left-color: #D3D3D3;\r\n  border-right-style: none;\r\n  border-right-width: 1px;\r\n  border-right-color: #D3D3D3;\r\n  vertical-align: middle;\r\n  overflow-x: hidden;\r\n}\r\n\r\n#bzrqlukxhp .gt_stub {\r\n  color: #333333;\r\n  background-color: #FFFFFF;\r\n  font-size: 100%;\r\n  font-weight: initial;\r\n  text-transform: inherit;\r\n  border-right-style: solid;\r\n  border-right-width: 2px;\r\n  border-right-color: #D3D3D3;\r\n  padding-left: 12px;\r\n}\r\n\r\n#bzrqlukxhp .gt_summary_row {\r\n  color: #333333;\r\n  background-color: #FFFFFF;\r\n  text-transform: inherit;\r\n  padding-top: 8px;\r\n  padding-bottom: 8px;\r\n  padding-left: 5px;\r\n  padding-right: 5px;\r\n}\r\n\r\n#bzrqlukxhp .gt_first_summary_row {\r\n  padding-top: 8px;\r\n  padding-bottom: 8px;\r\n  padding-left: 5px;\r\n  padding-right: 5px;\r\n  border-top-style: solid;\r\n  border-top-width: 2px;\r\n  border-top-color: #D3D3D3;\r\n}\r\n\r\n#bzrqlukxhp .gt_grand_summary_row {\r\n  color: #333333;\r\n  background-color: #FFFFFF;\r\n  text-transform: inherit;\r\n  padding-top: 8px;\r\n  padding-bottom: 8px;\r\n  padding-left: 5px;\r\n  padding-right: 5px;\r\n}\r\n\r\n#bzrqlukxhp .gt_first_grand_summary_row {\r\n  padding-top: 8px;\r\n  padding-bottom: 8px;\r\n  padding-left: 5px;\r\n  padding-right: 5px;\r\n  border-top-style: double;\r\n  border-top-width: 6px;\r\n  border-top-color: #D3D3D3;\r\n}\r\n\r\n#bzrqlukxhp .gt_striped {\r\n  background-color: rgba(128, 128, 128, 0.05);\r\n}\r\n\r\n#bzrqlukxhp .gt_table_body {\r\n  border-top-style: solid;\r\n  border-top-width: 2px;\r\n  border-top-color: #D3D3D3;\r\n  border-bottom-style: solid;\r\n  border-bottom-width: 2px;\r\n  border-bottom-color: #D3D3D3;\r\n}\r\n\r\n#bzrqlukxhp .gt_footnotes {\r\n  color: #333333;\r\n  background-color: #FFFFFF;\r\n  border-bottom-style: none;\r\n  border-bottom-width: 2px;\r\n  border-bottom-color: #D3D3D3;\r\n  border-left-style: none;\r\n  border-left-width: 2px;\r\n  border-left-color: #D3D3D3;\r\n  border-right-style: none;\r\n  border-right-width: 2px;\r\n  border-right-color: #D3D3D3;\r\n}\r\n\r\n#bzrqlukxhp .gt_footnote {\r\n  margin: 0px;\r\n  font-size: 90%;\r\n  padding: 4px;\r\n}\r\n\r\n#bzrqlukxhp .gt_sourcenotes {\r\n  color: #333333;\r\n  background-color: #FFFFFF;\r\n  border-bottom-style: none;\r\n  border-bottom-width: 2px;\r\n  border-bottom-color: #D3D3D3;\r\n  border-left-style: none;\r\n  border-left-width: 2px;\r\n  border-left-color: #D3D3D3;\r\n  border-right-style: none;\r\n  border-right-width: 2px;\r\n  border-right-color: #D3D3D3;\r\n}\r\n\r\n#bzrqlukxhp .gt_sourcenote {\r\n  font-size: 90%;\r\n  padding: 4px;\r\n}\r\n\r\n#bzrqlukxhp .gt_left {\r\n  text-align: left;\r\n}\r\n\r\n#bzrqlukxhp .gt_center {\r\n  text-align: center;\r\n}\r\n\r\n#bzrqlukxhp .gt_right {\r\n  text-align: right;\r\n  font-variant-numeric: tabular-nums;\r\n}\r\n\r\n#bzrqlukxhp .gt_font_normal {\r\n  font-weight: normal;\r\n}\r\n\r\n#bzrqlukxhp .gt_font_bold {\r\n  font-weight: bold;\r\n}\r\n\r\n#bzrqlukxhp .gt_font_italic {\r\n  font-style: italic;\r\n}\r\n\r\n#bzrqlukxhp .gt_super {\r\n  font-size: 65%;\r\n}\r\n\r\n#bzrqlukxhp .gt_footnote_marks {\r\n  font-style: italic;\r\n  font-weight: normal;\r\n  font-size: 65%;\r\n}\r\nMonthly Summary of Lockdown Effectiveness\r\n    Comparison of Covid-19 cases, population mobility, and lockdown restrictions averaged across each month\r\n    Date(Year-Month)\r\n      New Confirmed Cases\r\n      Residential Mobility  (% increase since 2020-01)\r\n      Non-residential Mobility  (% increas since 2020-01)\r\n      Oxford NPI Stringency Index\r\n    2020-02\r\n0\r\n2\r\n−4\r\n62020-03\r\n2,240\r\n19\r\n−39\r\n542020-04\r\n11,828\r\n35\r\n−75\r\n942020-05\r\n17,277\r\n29\r\n−61\r\n872020-06\r\n17,334\r\n22\r\n−40\r\n822020-07\r\n28,923\r\n20\r\n−35\r\n792020-08\r\n28,412\r\n18\r\n−31\r\n752020-09\r\n31,233\r\n16\r\n−25\r\n612020-10\r\n31,145\r\n14\r\n−19\r\n522020-11\r\n24,493\r\n14\r\n−19\r\n532020-12\r\n19,827\r\n13\r\n−12\r\n622021-01\r\n38,316\r\n13\r\n−23\r\n702021-02\r\n35,327\r\n10\r\n−18\r\n692021-03\r\n42,600\r\n9\r\n−13\r\n602021-04\r\n53,107\r\n13\r\n−16\r\n682021-05\r\n44,175\r\n13\r\n−15\r\n732021-06\r\n32,467\r\n8\r\n2\r\n592021-07\r\n28,868\r\n7\r\n9\r\n612021-08\r\n13,829\r\n6\r\n13\r\n632021-09\r\n945\r\n8\r\n13\r\n66\r\n\r\nFrom this plot and table, we can see that while the restrictions were effective for a short period, this did not last. At the begining of the pandemic the citizen of Ecuador followed restrictions and stayed home, which is indicated by the higher residential mobility, lower non-residential mobility. This led to a decrease in cases. Unfortunately, this data shows that if the lockdown is strict but not managable (either because people need to work due to a lack of government support or the sheer duration of the lockdown) citizens will not follow. There is a slow increase in population mobility despite the restrictions staying the same, and obviously it leads to an increase in cases. Ultimately it seems that while the lockdown was an effective short term solution, it was not viable for the population to follow in the long run.\r\nVaccine Effectiveness\r\nThe Data\r\nI can use the same data as before, however I will also add in a dataset that contains the vaccination rate.\r\n- The vaccination rate will be calculated using data from the Our World in Data data. The data gives total vaccinations given, and while the data has a large number of NA values, its total is equal to any I could find online, so it will be taken as correct.\r\nSince the vaccines also lessen the severity of Covid-19 symptoms, I will also record the reported deaths form the Johns Hopkins University Case Data.\r\nThe Analysis\r\n\r\n\r\nhtml {\r\n  font-family: -apple-system, BlinkMacSystemFont, 'Segoe UI', Roboto, Oxygen, Ubuntu, Cantarell, 'Helvetica Neue', 'Fira Sans', 'Droid Sans', Arial, sans-serif;\r\n}\r\n\r\n#wcxaldewlt .gt_table {\r\n  display: table;\r\n  border-collapse: collapse;\r\n  margin-left: auto;\r\n  margin-right: auto;\r\n  color: #333333;\r\n  font-size: 16px;\r\n  font-weight: normal;\r\n  font-style: normal;\r\n  background-color: #FFFFFF;\r\n  width: auto;\r\n  border-top-style: solid;\r\n  border-top-width: 2px;\r\n  border-top-color: #A8A8A8;\r\n  border-right-style: none;\r\n  border-right-width: 2px;\r\n  border-right-color: #D3D3D3;\r\n  border-bottom-style: solid;\r\n  border-bottom-width: 2px;\r\n  border-bottom-color: #A8A8A8;\r\n  border-left-style: none;\r\n  border-left-width: 2px;\r\n  border-left-color: #D3D3D3;\r\n}\r\n\r\n#wcxaldewlt .gt_heading {\r\n  background-color: #FFFFFF;\r\n  text-align: center;\r\n  border-bottom-color: #FFFFFF;\r\n  border-left-style: none;\r\n  border-left-width: 1px;\r\n  border-left-color: #D3D3D3;\r\n  border-right-style: none;\r\n  border-right-width: 1px;\r\n  border-right-color: #D3D3D3;\r\n}\r\n\r\n#wcxaldewlt .gt_title {\r\n  color: #333333;\r\n  font-size: 125%;\r\n  font-weight: initial;\r\n  padding-top: 4px;\r\n  padding-bottom: 4px;\r\n  border-bottom-color: #FFFFFF;\r\n  border-bottom-width: 0;\r\n}\r\n\r\n#wcxaldewlt .gt_subtitle {\r\n  color: #333333;\r\n  font-size: 85%;\r\n  font-weight: initial;\r\n  padding-top: 0;\r\n  padding-bottom: 6px;\r\n  border-top-color: #FFFFFF;\r\n  border-top-width: 0;\r\n}\r\n\r\n#wcxaldewlt .gt_bottom_border {\r\n  border-bottom-style: solid;\r\n  border-bottom-width: 2px;\r\n  border-bottom-color: #D3D3D3;\r\n}\r\n\r\n#wcxaldewlt .gt_col_headings {\r\n  border-top-style: solid;\r\n  border-top-width: 2px;\r\n  border-top-color: #D3D3D3;\r\n  border-bottom-style: solid;\r\n  border-bottom-width: 2px;\r\n  border-bottom-color: #D3D3D3;\r\n  border-left-style: none;\r\n  border-left-width: 1px;\r\n  border-left-color: #D3D3D3;\r\n  border-right-style: none;\r\n  border-right-width: 1px;\r\n  border-right-color: #D3D3D3;\r\n}\r\n\r\n#wcxaldewlt .gt_col_heading {\r\n  color: #333333;\r\n  background-color: #FFFFFF;\r\n  font-size: 100%;\r\n  font-weight: normal;\r\n  text-transform: inherit;\r\n  border-left-style: none;\r\n  border-left-width: 1px;\r\n  border-left-color: #D3D3D3;\r\n  border-right-style: none;\r\n  border-right-width: 1px;\r\n  border-right-color: #D3D3D3;\r\n  vertical-align: bottom;\r\n  padding-top: 5px;\r\n  padding-bottom: 6px;\r\n  padding-left: 5px;\r\n  padding-right: 5px;\r\n  overflow-x: hidden;\r\n}\r\n\r\n#wcxaldewlt .gt_column_spanner_outer {\r\n  color: #333333;\r\n  background-color: #FFFFFF;\r\n  font-size: 100%;\r\n  font-weight: normal;\r\n  text-transform: inherit;\r\n  padding-top: 0;\r\n  padding-bottom: 0;\r\n  padding-left: 4px;\r\n  padding-right: 4px;\r\n}\r\n\r\n#wcxaldewlt .gt_column_spanner_outer:first-child {\r\n  padding-left: 0;\r\n}\r\n\r\n#wcxaldewlt .gt_column_spanner_outer:last-child {\r\n  padding-right: 0;\r\n}\r\n\r\n#wcxaldewlt .gt_column_spanner {\r\n  border-bottom-style: solid;\r\n  border-bottom-width: 2px;\r\n  border-bottom-color: #D3D3D3;\r\n  vertical-align: bottom;\r\n  padding-top: 5px;\r\n  padding-bottom: 5px;\r\n  overflow-x: hidden;\r\n  display: inline-block;\r\n  width: 100%;\r\n}\r\n\r\n#wcxaldewlt .gt_group_heading {\r\n  padding: 8px;\r\n  color: #333333;\r\n  background-color: #FFFFFF;\r\n  font-size: 100%;\r\n  font-weight: initial;\r\n  text-transform: inherit;\r\n  border-top-style: solid;\r\n  border-top-width: 2px;\r\n  border-top-color: #D3D3D3;\r\n  border-bottom-style: solid;\r\n  border-bottom-width: 2px;\r\n  border-bottom-color: #D3D3D3;\r\n  border-left-style: none;\r\n  border-left-width: 1px;\r\n  border-left-color: #D3D3D3;\r\n  border-right-style: none;\r\n  border-right-width: 1px;\r\n  border-right-color: #D3D3D3;\r\n  vertical-align: middle;\r\n}\r\n\r\n#wcxaldewlt .gt_empty_group_heading {\r\n  padding: 0.5px;\r\n  color: #333333;\r\n  background-color: #FFFFFF;\r\n  font-size: 100%;\r\n  font-weight: initial;\r\n  border-top-style: solid;\r\n  border-top-width: 2px;\r\n  border-top-color: #D3D3D3;\r\n  border-bottom-style: solid;\r\n  border-bottom-width: 2px;\r\n  border-bottom-color: #D3D3D3;\r\n  vertical-align: middle;\r\n}\r\n\r\n#wcxaldewlt .gt_from_md > :first-child {\r\n  margin-top: 0;\r\n}\r\n\r\n#wcxaldewlt .gt_from_md > :last-child {\r\n  margin-bottom: 0;\r\n}\r\n\r\n#wcxaldewlt .gt_row {\r\n  padding-top: 8px;\r\n  padding-bottom: 8px;\r\n  padding-left: 5px;\r\n  padding-right: 5px;\r\n  margin: 10px;\r\n  border-top-style: solid;\r\n  border-top-width: 1px;\r\n  border-top-color: #D3D3D3;\r\n  border-left-style: none;\r\n  border-left-width: 1px;\r\n  border-left-color: #D3D3D3;\r\n  border-right-style: none;\r\n  border-right-width: 1px;\r\n  border-right-color: #D3D3D3;\r\n  vertical-align: middle;\r\n  overflow-x: hidden;\r\n}\r\n\r\n#wcxaldewlt .gt_stub {\r\n  color: #333333;\r\n  background-color: #FFFFFF;\r\n  font-size: 100%;\r\n  font-weight: initial;\r\n  text-transform: inherit;\r\n  border-right-style: solid;\r\n  border-right-width: 2px;\r\n  border-right-color: #D3D3D3;\r\n  padding-left: 12px;\r\n}\r\n\r\n#wcxaldewlt .gt_summary_row {\r\n  color: #333333;\r\n  background-color: #FFFFFF;\r\n  text-transform: inherit;\r\n  padding-top: 8px;\r\n  padding-bottom: 8px;\r\n  padding-left: 5px;\r\n  padding-right: 5px;\r\n}\r\n\r\n#wcxaldewlt .gt_first_summary_row {\r\n  padding-top: 8px;\r\n  padding-bottom: 8px;\r\n  padding-left: 5px;\r\n  padding-right: 5px;\r\n  border-top-style: solid;\r\n  border-top-width: 2px;\r\n  border-top-color: #D3D3D3;\r\n}\r\n\r\n#wcxaldewlt .gt_grand_summary_row {\r\n  color: #333333;\r\n  background-color: #FFFFFF;\r\n  text-transform: inherit;\r\n  padding-top: 8px;\r\n  padding-bottom: 8px;\r\n  padding-left: 5px;\r\n  padding-right: 5px;\r\n}\r\n\r\n#wcxaldewlt .gt_first_grand_summary_row {\r\n  padding-top: 8px;\r\n  padding-bottom: 8px;\r\n  padding-left: 5px;\r\n  padding-right: 5px;\r\n  border-top-style: double;\r\n  border-top-width: 6px;\r\n  border-top-color: #D3D3D3;\r\n}\r\n\r\n#wcxaldewlt .gt_striped {\r\n  background-color: rgba(128, 128, 128, 0.05);\r\n}\r\n\r\n#wcxaldewlt .gt_table_body {\r\n  border-top-style: solid;\r\n  border-top-width: 2px;\r\n  border-top-color: #D3D3D3;\r\n  border-bottom-style: solid;\r\n  border-bottom-width: 2px;\r\n  border-bottom-color: #D3D3D3;\r\n}\r\n\r\n#wcxaldewlt .gt_footnotes {\r\n  color: #333333;\r\n  background-color: #FFFFFF;\r\n  border-bottom-style: none;\r\n  border-bottom-width: 2px;\r\n  border-bottom-color: #D3D3D3;\r\n  border-left-style: none;\r\n  border-left-width: 2px;\r\n  border-left-color: #D3D3D3;\r\n  border-right-style: none;\r\n  border-right-width: 2px;\r\n  border-right-color: #D3D3D3;\r\n}\r\n\r\n#wcxaldewlt .gt_footnote {\r\n  margin: 0px;\r\n  font-size: 90%;\r\n  padding: 4px;\r\n}\r\n\r\n#wcxaldewlt .gt_sourcenotes {\r\n  color: #333333;\r\n  background-color: #FFFFFF;\r\n  border-bottom-style: none;\r\n  border-bottom-width: 2px;\r\n  border-bottom-color: #D3D3D3;\r\n  border-left-style: none;\r\n  border-left-width: 2px;\r\n  border-left-color: #D3D3D3;\r\n  border-right-style: none;\r\n  border-right-width: 2px;\r\n  border-right-color: #D3D3D3;\r\n}\r\n\r\n#wcxaldewlt .gt_sourcenote {\r\n  font-size: 90%;\r\n  padding: 4px;\r\n}\r\n\r\n#wcxaldewlt .gt_left {\r\n  text-align: left;\r\n}\r\n\r\n#wcxaldewlt .gt_center {\r\n  text-align: center;\r\n}\r\n\r\n#wcxaldewlt .gt_right {\r\n  text-align: right;\r\n  font-variant-numeric: tabular-nums;\r\n}\r\n\r\n#wcxaldewlt .gt_font_normal {\r\n  font-weight: normal;\r\n}\r\n\r\n#wcxaldewlt .gt_font_bold {\r\n  font-weight: bold;\r\n}\r\n\r\n#wcxaldewlt .gt_font_italic {\r\n  font-style: italic;\r\n}\r\n\r\n#wcxaldewlt .gt_super {\r\n  font-size: 65%;\r\n}\r\n\r\n#wcxaldewlt .gt_footnote_marks {\r\n  font-style: italic;\r\n  font-weight: normal;\r\n  font-size: 65%;\r\n}\r\nMonthly Summary of Vaccine Effectiveness\r\n    Comparison of Covid-19 cases, % of population vaccinated, and number of deaths reported each month\r\n    Date(Year-Month)\r\n      Percent of Required Doses for 100% Vaccination\r\n      Total New Confirmed Cases\r\n      Total New Confirmed Deaths\r\n    2020-03\r\n0.0\r\n2,182.0\r\n73.02020-04\r\n0.0\r\n11,828.0\r\n825.02020-05\r\n0.0\r\n14,164.0\r\n2,458.02020-06\r\n0.0\r\n17,334.0\r\n1,169.02020-07\r\n0.0\r\n28,923.0\r\n1,175.02020-08\r\n0.0\r\n28,412.0\r\n854.02020-09\r\n0.0\r\n23,280.0\r\n4,799.02020-10\r\n0.0\r\n31,145.0\r\n1,315.02020-11\r\n0.0\r\n24,493.0\r\n791.02020-12\r\n0.0\r\n19,827.0\r\n573.02021-01\r\n0.0\r\n38,316.0\r\n825.02021-02\r\n0.1\r\n35,327.0\r\n952.02021-03\r\n0.7\r\n42,600.0\r\n1,036.02021-04\r\n2.9\r\n53,107.0\r\n1,784.02021-05\r\n6.5\r\n44,175.0\r\n1,941.02021-06\r\n12.4\r\n32,467.0\r\n988.02021-07\r\n33.6\r\n28,868.0\r\n10,071.02021-08\r\n57.4\r\n13,829.0\r\n613.0\r\n\r\nWhile it is rather simple to see the effectiveness of the lockdowns in the previous example, the unreliable reporting of Ecuador means the effects of vaccinations are not as easy to see. The cases seem to have dropped from their peak with the higher vaccination rates, but lagged reporting means that the month with the highest deaths is when the vaccination rate is at 33%, due to deaths in prior months. Even with the weak data however, the later months show a decrease in deaths and cases (ignoring the 10,000 case spike), indicating we can still see the effectiveness of vaccines.\r\nConcluding Remarks\r\nStay home and also get vaccinated, especially if you are my 60 year old mother.\r\nReferences\r\nWickham et al., (2019). Welcome to the tidyverse. Journal of Open Source Software, 4(43), 1686, https://doi.org/10.21105/joss.01686\r\nGarrett Grolemund, Hadley Wickham (2011). Dates and Times Made Easy with lubridate. Journal of Statistical Software, 40(3), 1-25. URL https://www.jstatsoft.org/v40/i03/.\r\nErich Neuwirth (2014). RColorBrewer: ColorBrewer Palettes. R package version 1.1-2. https://CRAN.R-project.org/package=RColorBrewer\r\nRichard Iannone, Joe Cheng and Barret Schloerke (2021). gt: Easily Create Presentation-Ready Display Tables. R package version 0.3.1. https://CRAN.R-project.org/package=gt\r\nRami Krispin and Jarrett Byrnes (2021). coronavirus: The 2019 Novel Coronavirus COVID-19 (2019-nCoV) Dataset. R package version 0.3.3. https://github.com/RamiKrispin/coronavirus\r\nJoachim Gassen (2021). tidycovid19: Download, Tidy and Visualize Covid-19 Related Data. R package version 0.0.0.9000.\r\n\r\n\r\n\r\n",
    "preview": "posts/2021-09-04-blog-post-1/blog-post-1_files/figure-html5/table1-1.png",
    "last_modified": "2021-09-08T23:55:18+10:00",
    "input_file": {}
  }
]
